;train;val
0;-5.48524953842163;-5.023240559895833
